productline,opt_discount_pct,linear_effect_per_10pp
Classic Cars,0.0,-0.08038119546601963
Motorcycles,0.0,-0.08038119546601963
Planes,0.0,-0.08038119546601963
Ships,0.0,-0.08038119546601963
Trains,0.0,-0.08038119546601963
Trucks and Buses,0.0,-0.08038119546601963
Vintage Cars,0.0,-0.08038119546601963
