territory,cv_rmse,cv_mape
EMEA,135699.58117887515,52.637352289096306
APAC,39954.742306661436,74.6153597674964
