territory,sales,profit_est,orders,avg_discount,avg_margin,cluster,pc1,pc2
APAC,746121.83,173402.21,23,0.08604660633484164,0.2324046865107807,1,-0.270188630686229,-1.5939929087996505
EMEA,4979272.41,1142167.22,151,0.09243930348258705,0.22938436099743334,0,2.4847197797691614,0.6595238759380472
Japan,455173.22000000003,91522.41,14,0.12754545454545455,0.20107160522317197,1,-2.2145311490829322,0.9344690328616038
